9.999000000000000000e+03,2.000000000000000111e-01,2.500000000000000000e-01
-2.678912878036499023e+00,2.016663341006874888e-01,2.629600539638236589e-01
-3.483218669891357422e+00,3.065349879636123931e-01,3.062483370510513669e-01
-3.527344703674316406e+00,3.143743415388564610e-01,3.482373326067854102e-01
-3.443121910095214844e+00,3.713573550729926120e-01,3.442601757515904026e-01
-3.399853229522705078e+00,3.911657363980126090e-01,3.386137832504189649e-01
-3.534400939941406250e+00,3.210487971516599592e-01,3.734155389066355357e-01
-3.316621541976928711e+00,4.327718750165236439e-01,3.303567704395806159e-01
-3.388599157333374023e+00,4.031605485167499281e-01,3.140107269784966348e-01
-3.245854616165161133e+00,5.042361459190460860e-01,2.880686358860463092e-01
-3.393327951431274414e+00,4.050008715264239445e-01,2.910498812918584921e-01
-3.262849330902099609e+00,4.692060293544435545e-01,3.244579982579394728e-01
-3.255563259124755859e+00,4.639525700510537809e-01,3.408475779190623389e-01
-3.399623155593872070e+00,4.003950948631682660e-01,3.011361544336978446e-01
-3.397275447845458984e+00,3.945113630034108865e-01,2.464107469623264546e-01
-3.270932674407958984e+00,4.707970350711500607e-01,1.966629666408817312e-01
-3.303212881088256836e+00,4.636541396448906616e-01,2.232984709478686713e-01
-3.295896053314208984e+00,4.713190853051741902e-01,2.260335280163229266e-01
-3.257880449295043945e+00,5.046129552557379050e-01,2.204353402773652493e-01
-3.230672597885131836e+00,4.945619083889806755e-01,1.823508632125218354e-01
-3.323392629623413086e+00,4.416129157934071681e-01,2.185479338098264002e-01
-2.916268825531005859e+00,3.965529056081534831e-01,1.292917147930816579e-01
-3.041567087173461914e+00,4.271474574482315711e-01,1.414660411797369344e-01
-3.035048246383666992e+00,5.022433396012362383e-01,1.362110634907856554e-01
-2.899023771286010742e+00,4.549561196153327214e-01,1.229226641637908291e-01
-3.076703071594238281e+00,4.436655838440194954e-01,1.449056839846034894e-01
-3.162335872650146484e+00,3.974569832442473860e-01,1.620695914280439742e-01
-3.078244209289550781e+00,3.797679474942368127e-01,1.513751471260592063e-01
-3.246712207794189453e+00,3.971330083014495416e-01,1.789141454207471837e-01
-3.121591806411743164e+00,4.552372981407747377e-01,1.508192340104326234e-01
-3.203748941421508789e+00,5.109670611098087178e-01,1.738356226237249558e-01
-3.255592584609985352e+00,4.825781477578462431e-01,1.924741527406792774e-01
-3.281125783920288086e+00,4.608936699338838094e-01,1.980934578904327836e-01
-3.389637708663940430e+00,4.048813903625230748e-01,3.050215809303334358e-01
-3.319734811782836914e+00,4.470064296381025537e-01,2.892580729683971175e-01
-3.283700942993164062e+00,4.757430143969854641e-01,2.768312827331227965e-01
-3.286092758178710938e+00,4.787487624145488341e-01,2.602357405174660632e-01
-3.254430532455444336e+00,5.049124528293517100e-01,2.628180377286712943e-01
-3.260856866836547852e+00,4.908074721841004795e-01,2.868081346764503881e-01
-3.317080497741699219e+00,4.573809562318952304e-01,2.566030188282721336e-01
-3.416830301284790039e+00,3.578663094388729315e-01,2.464069911430127602e-01
-3.413546562194824219e+00,3.639079815028471443e-01,2.445693771327277777e-01
-3.373112440109252930e+00,4.100277688165083201e-01,2.374160071589409282e-01
-3.282191038131713867e+00,4.799738830647967691e-01,2.672647862086149351e-01
-3.247519731521606445e+00,5.029622237772004567e-01,2.874197838134243121e-01
-3.259331941604614258e+00,5.027270855235922431e-01,2.545378016598121018e-01
-3.283073663711547852e+00,4.836171913954758206e-01,2.344606221246897659e-01
-3.371849060058593750e+00,4.195998678162499163e-01,2.690729804041193662e-01
-3.351765394210815430e+00,4.270406396949181782e-01,2.344887977023034087e-01
-3.366873741149902344e+00,4.157143489094950461e-01,2.371815870410319549e-01
-3.461567878723144531e+00,3.503189204474430607e-01,2.793011508724860259e-01
-3.356481075286865234e+00,3.297400843332793929e-01,2.264589314852940016e-01
-3.420782089233398438e+00,3.332222886443131360e-01,2.533747361631076278e-01
-3.379044771194458008e+00,3.319682743741166897e-01,2.343903196679263390e-01
-2.940556049346923828e+00,2.439144902687298000e-01,2.076714087413044918e-01
-3.113408327102661133e+00,2.656668074654575662e-01,2.088337858825669024e-01
-2.842038869857788086e+00,2.644745803741418433e-01,1.716360204248471022e-01
-3.205047369003295898e+00,2.903039506795641600e-01,2.067204842383695007e-01
-3.328909397125244141e+00,4.411509114117077579e-01,2.244371626118193130e-01
-3.294225215911865234e+00,4.105006887936049065e-01,1.914401028492543344e-01
-2.830318212509155273e+00,3.669112981590375022e-01,1.247780801781776805e-01
-3.105141162872314453e+00,4.113902983508999633e-01,1.516147283529016565e-01
-3.096027612686157227e+00,4.157604222807169680e-01,1.499181801321227414e-01
-3.293017625808715820e+00,4.609699433651980871e-01,2.074602757912548390e-01
-2.965735197067260742e+00,5.193095370219003026e-01,1.272209786731441361e-01
-3.018921136856079102e+00,5.295364937565233410e-01,1.332246035196408274e-01
-2.701317548751831055e+00,5.183520544649616868e-01,1.030764647365621928e-01
-2.167929887771606445e+00,5.575963720552512548e-01,7.274360860801175332e-02
-2.934582710266113281e+00,5.654144383130557117e-01,1.219616555677448533e-01
-3.224529743194580078e+00,5.244603449811691132e-01,1.943169630665125824e-01
-3.258822441101074219e+00,4.994837793017256056e-01,2.670332467962968082e-01
-3.328939437866210938e+00,4.412787257144574204e-01,2.898585556549835851e-01
-3.258215904235839844e+00,4.962283518376651159e-01,2.796096617744548984e-01
-3.297905683517456055e+00,4.588031442604636467e-01,2.956619694266738319e-01
-3.390384912490844727e+00,4.045042307231183076e-01,3.050320177277456302e-01
-3.484909534454345703e+00,3.520450927826763166e-01,3.216721583138206220e-01
-3.478072404861450195e+00,3.533724862631573149e-01,3.587426833096050149e-01
-3.327706336975097656e+00,4.279156068288122450e-01,3.286851189326841505e-01
-3.386178493499755859e+00,3.506036054473056218e-01,2.313894133269841225e-01
-3.370631217956542969e+00,4.196557426885796360e-01,2.576178882619646893e-01
-3.417205572128295898e+00,3.911456950041123926e-01,2.817497052708103356e-01
-3.263539075851440430e+00,3.558706112625849016e-01,1.897798884025372335e-01
-3.188225507736206055e+00,3.612328077225930856e-01,1.725197403407847385e-01
-3.276663064956665039e+00,3.068067192318662539e-01,2.129488300999662909e-01
-3.188493013381958008e+00,2.408576465686928514e-01,2.590891604895365630e-01
-3.124428272247314453e+00,2.042828893914963306e-01,3.363042753682010111e-01
-3.464149475097656250e+00,2.430661984310415746e-01,3.955384832057459721e-01
-3.109140872955322266e+00,1.926126717938124178e-01,3.813451862658820413e-01
-3.260648488998413086e+00,2.153017465944448150e-01,3.470254419983803684e-01
-3.271476030349731445e+00,2.289093690209401677e-01,3.108439106737551083e-01
-3.529116630554199219e+00,2.761030713095442568e-01,3.877044174811695720e-01
-3.362215518951416016e+00,2.539354541342345728e-01,2.994295884910246341e-01
-3.458089828491210938e+00,2.693917714749985981e-01,3.309790624318894037e-01
-3.447707176208496094e+00,2.752988535359943145e-01,3.146900687875945346e-01
-3.248970031738281250e+00,2.150501852643792178e-01,3.426228353952429639e-01
-2.614251613616943359e+00,1.670855808914226692e-01,4.027800652781697854e-01
-2.805584669113159180e+00,1.799929108347175510e-01,3.656674740187121353e-01
-3.327454566955566406e+00,2.171964397348550013e-01,3.757802842766593820e-01
-2.336773633956909180e+00,1.639034291670180832e-01,3.801418083598426256e-01
-3.456686735153198242e+00,2.368048467491067344e-01,4.087982685682804984e-01
-3.474754810333251953e+00,2.408209673466376599e-01,4.146645239341154032e-01
-3.549154281616210938e+00,2.747249012782405631e-01,4.243308870716115400e-01
-3.562806129455566406e+00,2.798328211211429939e-01,4.717612137593087951e-01
-3.550029993057250977e+00,3.059791931009155364e-01,3.992076235932590644e-01
-3.545065641403198242e+00,2.775044784204057646e-01,4.098770493489732880e-01
-3.506175518035888672e+00,2.542254986801461003e-01,4.104393429297328311e-01
-3.500256776809692383e+00,2.597128028436793690e-01,3.882585721116339483e-01
-3.379449129104614258e+00,3.420344849186341962e-01,5.010079435584784413e-01
-3.440708637237548828e+00,3.496477521812866307e-01,4.275291850133850491e-01
-3.539705753326416016e+00,3.120382894555743802e-01,4.392673245524083558e-01
-3.554416656494140625e+00,2.918193140870140034e-01,4.844922755382937707e-01
-3.562195777893066406e+00,2.837559919872119640e-01,4.734818633996000781e-01
-3.495616436004638672e+00,2.384230817835756577e-01,4.534509187500668781e-01
-3.548902988433837891e+00,3.059828216276817558e-01,4.408843413469145101e-01
-3.561922788619995117e+00,2.869995817647299496e-01,4.492532458237263326e-01
-3.498191118240356445e+00,2.399636883993251646e-01,4.506979776998586429e-01
-3.501189470291137695e+00,2.411650221276232242e-01,4.504177880065159401e-01
-3.535524606704711914e+00,2.500222112003169239e-01,4.837152592849477961e-01
-3.519786834716796875e+00,2.438932596681425147e-01,4.741489725092664087e-01
-3.528825759887695312e+00,3.120010358844330089e-01,4.616862917790426901e-01
-3.418868303298950195e+00,3.440997527143359047e-01,4.645886033950539229e-01
-3.449399709701538086e+00,3.421517638694201446e-01,4.448885974608057237e-01
-3.123699665069580078e+00,4.113537131851532358e-01,5.129234884573444786e-01
-3.509601354598999023e+00,3.066023666051560514e-01,5.081742158584977576e-01
-3.556951999664306641e+00,2.783420290037909028e-01,5.142712790298816783e-01
-3.456734657287597656e+00,3.197485067528645364e-01,5.136660034751815429e-01
-3.337533712387084961e+00,3.433635498297799571e-01,5.266702642495254549e-01
-3.416795492172241211e+00,3.584524394702092165e-01,4.212003435268049101e-01
-3.335429906845092773e+00,3.743402690720832315e-01,4.440886306694405428e-01
-3.102013349533081055e+00,4.280600684350633900e-01,4.947724950350144701e-01
-3.086108922958374023e+00,4.174948513210552936e-01,5.225582917660634985e-01
-3.005026102066040039e+00,4.121110147186980432e-01,5.759160536268119746e-01
-2.782192945480346680e+00,4.550490776519334757e-01,5.976453191354526018e-01
-3.137174606323242188e+00,4.120980678180412027e-01,5.033701958362970519e-01
-3.333331346511840820e+00,3.396331925389595718e-01,5.410903436064667948e-01
-3.541198253631591797e+00,2.670314111171394611e-01,5.746028075743915275e-01
-3.552562713623046875e+00,2.785531562252754889e-01,5.266347966831422811e-01
-3.346556186676025391e+00,3.345720715783117027e-01,5.479827476781271578e-01
-3.309284925460815430e+00,3.185629014432956319e-01,6.275614873850787756e-01
-3.054520845413208008e+00,3.700098782383332563e-01,6.476292950671530546e-01
-2.762552499771118164e+00,4.149641197329827502e-01,6.914457106841098710e-01
-2.699373722076416016e+00,4.432981698965117179e-01,6.577506418193449500e-01
-2.627355813980102539e+00,4.413049015186615298e-01,6.987774834536971680e-01
-2.408950805664062500e+00,5.121497705466498962e-01,6.895706373085670471e-01
-2.250144720077514648e+00,5.416119787295539112e-01,7.302378948350912724e-01
-2.096971988677978516e+00,6.152080594819938630e-01,7.080169592555610736e-01
-2.164337396621704102e+00,6.028414301089619620e-01,6.914473113968458984e-01
-2.190559625625610352e+00,6.051454332069814424e-01,6.768954055618137122e-01
-2.077389717102050781e+00,6.026834011195119079e-01,7.316274483145194241e-01
-2.303521871566772461e+00,5.481513070370902518e-01,6.927515331059180825e-01
-2.240080833435058594e+00,5.647897381493188762e-01,7.026949217230601397e-01
-2.041559934616088867e+00,6.356637478566867783e-01,7.103116807852420944e-01
-1.854742527008056641e+00,6.635354203080918722e-01,7.631243963829731358e-01
-2.054797172546386719e+00,5.881366943555985660e-01,7.602351952596326790e-01
-2.213539123535156250e+00,5.625881720593672863e-01,7.185742238600423271e-01
-2.163189172744750977e+00,5.562464473510888574e-01,7.523167606680433162e-01
-2.434679985046386719e+00,5.233734247440847698e-01,6.575532799313791310e-01
-2.307298183441162109e+00,5.649420234559103804e-01,6.682112380028530918e-01
-2.335757732391357422e+00,5.611137377442113605e-01,6.587735573864176297e-01
-2.556935548782348633e+00,5.048826911410865259e-01,6.194970167454587617e-01
-2.536583900451660156e+00,5.045188332580290425e-01,6.303147219275592184e-01
-2.735127449035644531e+00,4.334403933354126215e-01,6.617248079260105165e-01
-2.521331548690795898e+00,4.416114558740152352e-01,7.603437005173167007e-01
-2.625715970993041992e+00,4.368343344804530015e-01,7.096552088062965113e-01
-2.525692701339721680e+00,4.505664086306266358e-01,7.370210273381970767e-01
-2.861332893371582031e+00,3.694050312549673198e-01,7.661870809106239300e-01
-2.853577375411987305e+00,3.612665135412053141e-01,7.970810308224780538e-01
-2.496264934539794922e+00,3.813947432895337664e-01,9.508736526394423461e-01
-2.781329154968261719e+00,3.273087983386037680e-01,9.744073887468566175e-01
-2.794867038726806641e+00,3.277446208256212246e-01,9.633625752637678952e-01
-2.886892080307006836e+00,3.053943088160951391e-01,9.956273188672801755e-01
-2.895076036453247070e+00,3.033325589286289259e-01,9.986952508625770442e-01
-2.664830923080444336e+00,3.423144370512958279e-01,9.882624153751439211e-01
-2.558324575424194336e+00,3.580413067892158629e-01,9.951460836759973283e-01
-2.467521905899047852e+00,3.713115504117094345e-01,1.006842468315137129e+00
-2.432736158370971680e+00,3.811387288376147375e-01,9.965825697152048690e-01
-2.339874982833862305e+00,3.810537895389553564e-01,1.062533318708519081e+00
-2.673029422760009766e+00,3.428635549105385483e-01,9.805072957829414904e-01
-2.676428556442260742e+00,3.413206693714818662e-01,9.847365874855990020e-01
-2.372755527496337891e+00,3.946797950642527142e-01,9.932721358805968181e-01
-2.341564178466796875e+00,4.134724199420117818e-01,9.551976246640178081e-01
-2.606953620910644531e+00,3.669546025764598429e-01,9.284894807104397962e-01
-2.556161642074584961e+00,3.740064702554659615e-01,9.358970226232838918e-01
-2.348146677017211914e+00,3.990234952752829134e-01,9.958548747771264198e-01
-2.327868223190307617e+00,3.915820176435617084e-01,1.034522514186556386e+00
-2.248635292053222656e+00,3.916005246162864717e-01,1.091381376473210763e+00
-2.138198375701904297e+00,3.943030961155656322e-01,1.165127652010277348e+00
-2.070378780364990234e+00,4.260612858790929214e-01,1.099771966676973411e+00
-2.473470926284790039e+00,3.496162592731943963e-01,1.088609948438286068e+00
-2.253482103347778320e+00,3.890945190935780618e-01,1.096924175759851572e+00
-1.928672075271606445e+00,4.636464023293064285e-01,1.071046366466945621e+00
-1.986593961715698242e+00,4.618724844847288957e-01,1.042794077808167685e+00
-1.864981651306152344e+00,4.854644117744576493e-01,1.045520957206163670e+00
-1.914419651031494141e+00,4.953140297423630489e-01,9.936762922647628393e-01
-1.932780265808105469e+00,4.859975133417739346e-01,1.007135521899797048e+00
-2.002763271331787109e+00,4.662454511256019507e-01,1.020862175260912386e+00
-1.871065855026245117e+00,4.695005068859103847e-01,1.086573084757040508e+00
-1.647564411163330078e+00,5.150667675318376659e-01,1.096423030522184039e+00
-1.439407110214233398e+00,5.729558222382580279e-01,1.151933110740678057e+00
-1.445026159286499023e+00,5.610736839759089545e-01,1.176041616489975183e+00
-1.511466741561889648e+00,5.322035875968303964e-01,1.158938710416005602e+00
-1.388122200965881348e+00,6.244709986498123699e-01,1.161818322472852438e+00
-1.447698593139648438e+00,5.722984076651546070e-01,1.137917626146037753e+00
-1.387366175651550293e+00,6.193519391754110925e-01,1.185797443405685048e+00
-1.377324819564819336e+00,6.428661771524106783e-01,1.164509413789116543e+00
-1.386711716651916504e+00,6.267668501234715528e-01,1.162131661661325754e+00
-1.437935829162597656e+00,5.797333728800875274e-01,1.137139586144552572e+00
-1.419727802276611328e+00,5.892524741785718501e-01,1.151170652532603089e+00
-1.433142542839050293e+00,5.757401804789307187e-01,1.157628422832258419e+00
-1.622996091842651367e+00,5.012551590520456513e-01,1.150352228606264182e+00
-2.003437042236328125e+00,4.429869535465527641e-01,1.090365828721131525e+00
-2.259367465972900391e+00,4.013570221201822608e-01,1.049399267510745748e+00
-2.142695665359497070e+00,4.149029277446649178e-01,1.086897636000984990e+00
-2.081794023513793945e+00,4.296884748592276759e-01,1.080031698949771579e+00
-2.078778505325317383e+00,4.656376438931291717e-01,9.770202407067355432e-01
-2.067205905914306641e+00,4.519292784302299526e-01,1.022200810494024559e+00
-2.052822351455688477e+00,4.545599571598385458e-01,1.023868846229586405e+00
-1.785151720046997070e+00,5.086874515375231498e-01,1.031534484802056673e+00
-1.662756681442260742e+00,5.367166503973528346e-01,1.037924297369682280e+00
-1.729577660560607910e+00,5.052619637113480167e-01,1.070860058981928153e+00
-2.176926374435424805e+00,4.240810364803068722e-01,1.032458309316607981e+00
-1.966706395149230957e+00,4.649041834036846677e-01,1.045565018078015607e+00
-2.291514635086059570e+00,4.406957077772040710e-01,9.112244926048833626e-01
-2.457805633544921875e+00,4.005982612008266996e-01,9.148987876706345945e-01
-2.327525377273559570e+00,4.102326695295954728e-01,9.745153685789782472e-01
-2.068076848983764648e+00,4.832277706062746980e-01,9.396267380404390579e-01
-1.826113700866699219e+00,5.533389785982003595e-01,9.180491284565748256e-01
-1.762081027030944824e+00,5.961735244587926807e-01,8.835027757050178954e-01
-1.855223774909973145e+00,5.323024657914670055e-01,9.427244339702434139e-01
-1.852432131767272949e+00,5.110107409268197509e-01,9.896597600204504186e-01
-2.022333621978759766e+00,4.475961461973625433e-01,1.063678415290454815e+00
-2.235510110855102539e+00,4.095379497301455118e-01,1.038524528477056119e+00
-1.971994757652282715e+00,4.703047886074148143e-01,1.027323321080206187e+00
-2.280676126480102539e+00,3.926288868446168867e-01,1.064811416261912225e+00
-2.309052228927612305e+00,4.051637727111785381e-01,1.002804573734333626e+00
-2.278454780578613281e+00,4.029455071778050290e-01,1.030709255271299973e+00
-2.558966636657714844e+00,3.400569120916586696e-01,1.070287991972051822e+00
-2.750803232192993164e+00,3.129795492797624035e-01,1.061128206769331728e+00
-2.518682479858398438e+00,3.508332489353527817e-01,1.051502026042461235e+00
-2.072027444839477539e+00,4.329215575656769066e-01,1.076172893679817388e+00
-1.889178991317749023e+00,4.613408751685653120e-01,1.100693857033648859e+00
-2.073367118835449219e+00,4.232793604523227837e-01,1.107141771728576307e+00
-2.217974662780761719e+00,3.948600498267382797e-01,1.102319644627196560e+00
-2.157052993774414062e+00,4.158863652449292792e-01,1.073183307511527129e+00
-2.003436326980590820e+00,4.408823077076711172e-01,1.097105201179038314e+00
-2.246795415878295898e+00,3.796845390711086066e-01,1.136814059400437005e+00
-2.577441930770874023e+00,3.292641299002477262e-01,1.106432158952201705e+00
-2.326670169830322266e+00,3.813281158833470852e-01,1.071066034406674250e+00
-2.299356222152709961e+00,3.792996622862525036e-01,1.098370190673959801e+00
-2.237409353256225586e+00,3.910754081475001365e-01,1.101500508357774688e+00
-2.334097623825073242e+00,3.700282438159380738e-01,1.107597440025221092e+00
-2.412313699722290039e+00,3.609682042853325501e-01,1.086162203498622247e+00
-2.560833692550659180e+00,3.358857918155332967e-01,1.087552312073515770e+00
-2.342784881591796875e+00,3.610556537830736934e-01,1.136199805274751284e+00
-2.361357927322387695e+00,3.693305969043700343e-01,1.090786477866126702e+00
-2.150258541107177734e+00,4.090745100976987403e-01,1.101705578098905347e+00
-2.498856782913208008e+00,3.588715032214828682e-01,1.032362243300845250e+00
-2.631556272506713867e+00,3.571303984133332166e-01,9.502371914644738293e-01
-2.842281579971313477e+00,3.181350817717156776e-01,9.725940333418510164e-01
-2.847431421279907227e+00,3.142203122674853688e-01,9.859516336526937819e-01
-2.707602262496948242e+00,3.415567152342642299e-01,9.631421583357291372e-01
-2.840899467468261719e+00,3.066426869493417140e-01,1.025080994340675566e+00
-2.758151769638061523e+00,3.270629488529609996e-01,9.912785245212406560e-01
-2.874654293060302734e+00,3.035784978700608039e-01,1.013351845691715436e+00
-3.304646730422973633e+00,2.238782296292650964e-01,9.580056122270058649e-01
-3.329090833663940430e+00,2.008242447255911278e-01,9.221325280483555487e-01
-3.186578750610351562e+00,1.702501745701388014e-01,8.890877499323829314e-01
-1.728721618652343750e+00,1.151070009647864462e-01,8.940535905213253809e-01
-3.201096534729003906e+00,1.717867105894311242e-01,8.813703540643680334e-01
-3.292144536972045898e+00,1.847294019520380748e-01,8.717183697262389508e-01
-3.306874036788940430e+00,2.148838651732049576e-01,9.684985561799474008e-01
-3.304915189743041992e+00,1.976945980769023170e-01,9.509237241784469497e-01
-3.341149806976318359e+00,2.173509854888976689e-01,9.241415214578825310e-01
-3.332519531250000000e+00,2.050125777861096510e-01,9.294464982154934107e-01
-3.347285270690917969e+00,2.208102973660711066e-01,9.135443165761715223e-01
-3.190374374389648438e+00,2.526099351067780385e-01,9.699114175101175572e-01
-3.350033044815063477e+00,2.032526267255186370e-01,8.950227389068916573e-01
-3.207303285598754883e+00,1.717952118696773611e-01,8.486357370848625070e-01
-3.343592882156372070e+00,1.884851524183338289e-01,7.469422938064673723e-01
-1.204023003578186035e+00,1.164464892711812999e-01,7.410090301776305344e-01
-3.386625051498413086e+00,1.972200812518764002e-01,7.617204741271064172e-01
-3.479490995407104492e+00,2.231892263738541327e-01,6.852356607211097517e-01
-3.501149415969848633e+00,2.321252418290666031e-01,6.586784808328697283e-01
-2.533955335617065430e+00,1.427747602205293176e-01,6.031693189453932735e-01
-3.239577054977416992e+00,1.763467623421438035e-01,6.505484523479507786e-01
-3.528574228286743164e+00,2.460914623153751812e-01,6.110901834421709200e-01
-3.527513742446899414e+00,2.463583962929266069e-01,6.148589566304993870e-01
-3.248439073562622070e+00,1.769795344335495790e-01,6.586493587780369863e-01
-3.110917329788208008e+00,1.642387448092956781e-01,6.796893780122239548e-01
-3.478119134902954102e+00,2.306126782610137815e-01,7.155315297614159853e-01
-3.468896627426147461e+00,2.271983906864783465e-01,7.294724047189566907e-01
-3.432496786117553711e+00,2.231433824768945529e-01,7.936915096883893073e-01
-3.383265733718872070e+00,2.376163744507811537e-01,8.425806276557590291e-01
-3.430230140686035156e+00,2.366839765214973912e-01,7.899161784591171021e-01
-3.418604850769042969e+00,2.381018292571263906e-01,8.017623328079258593e-01
-3.244555711746215820e+00,2.683884597805166194e-01,8.619182003798800951e-01
-3.024104118347167969e+00,3.089237650912305400e-01,8.736380450669579689e-01
-2.991677284240722656e+00,3.265460306511617228e-01,8.294965766280902875e-01
-3.092592000961303711e+00,3.146480061291225816e-01,7.963239986381930313e-01
-3.377230882644653320e+00,1.959795841033219188e-01,7.776914631557487745e-01
-3.269047498703002930e+00,1.781438762073807580e-01,7.407426121868955216e-01
-3.356039524078369141e+00,1.901715022549628487e-01,7.165846298384647151e-01
-3.169446468353271484e+00,1.678995362485533605e-01,7.258206617033968744e-01
-3.304878950119018555e+00,1.826322440975523542e-01,7.258469276314871710e-01
-3.417180538177490234e+00,2.039349400880495489e-01,7.391580095670029493e-01
-3.134787082672119141e+00,1.667611347067205485e-01,6.592267322222641335e-01
-3.505519390106201172e+00,2.339010284171105236e-01,6.515411894908645918e-01
-3.263921737670898438e+00,1.802997530851718211e-01,6.147883630172782388e-01
-2.278912544250488281e+00,1.423060612102040323e-01,5.458355650658958114e-01
-2.893212080001831055e+00,1.559491384372797274e-01,5.886718759197289152e-01
-2.705351352691650391e+00,1.471304432558026842e-01,6.111077123831197833e-01
-3.161595821380615234e+00,1.679492985846111064e-01,6.910596122890027004e-01
-3.332610607147216797e+00,1.866297935968365962e-01,7.396048944321721441e-01
-3.168431758880615234e+00,1.681177984599172004e-01,7.084086557825655106e-01
-3.472277879714965820e+00,2.393877881661418683e-01,7.278629577160459219e-01
-3.316760301589965820e+00,1.852695433754882604e-01,7.927812106751129795e-01
-2.553339004516601562e+00,1.334021539465043704e-01,7.940212673080339068e-01
-2.604953765869140625e+00,1.343910047472232361e-01,8.164447307514297592e-01
-2.780932426452636719e+00,1.424121367843635411e-01,7.791612915775611992e-01
-3.461601972579956055e+00,2.241901092317318545e-01,7.387570103933819299e-01
-3.478074073791503906e+00,2.287434993777867076e-01,7.121258801936378724e-01
-3.489377737045288086e+00,2.436992151403133966e-01,6.966342499777058439e-01
-3.453946352005004883e+00,2.572661178832187923e-01,7.180073292200569446e-01
-3.466099262237548828e+00,2.183322649697124751e-01,6.991618895566321656e-01
-3.483631134033203125e+00,2.376919276172833329e-01,7.096991501815109737e-01
-3.414592266082763672e+00,2.700848558549096556e-01,7.186335818757623173e-01
-3.150943517684936523e+00,1.678090346604004246e-01,6.659715594028200458e-01
-2.274060010910034180e+00,1.334409600890392733e-01,6.630909072877778643e-01
-2.927040338516235352e+00,1.565803512666397446e-01,6.024883693682490104e-01
-3.250658750534057617e+00,1.809461473711223012e-01,5.790581987566052469e-01
-3.218496322631835938e+00,1.742010233934440933e-01,6.531826604676824743e-01
-2.098401069641113281e+00,1.284351876217077471e-01,6.999941783848454557e-01
-3.382836818695068359e+00,1.954494907283224614e-01,7.405719204311396187e-01
-2.685286283493041992e+00,1.404004670151438594e-01,7.224680716141490544e-01
-2.613269090652465820e+00,1.374366175716220662e-01,7.357772583251015464e-01
-2.749449014663696289e+00,1.410416127065462211e-01,7.785507140066909582e-01
-3.405887842178344727e+00,1.992577904694494140e-01,7.050562574086903789e-01
-3.443763256072998047e+00,2.713086211525526092e-01,6.882237098440751044e-01
-3.373639583587646484e+00,2.960916298870430730e-01,6.614972059218616751e-01
-3.405576705932617188e+00,3.045618739665322261e-01,6.075129022809362400e-01
-3.546797275543212891e+00,2.911433926764119273e-01,5.057154743384610907e-01
-3.562654972076416016e+00,2.819193411659564608e-01,4.603665348143174407e-01
-3.542260885238647461e+00,3.087873332044894781e-01,3.760677398203492450e-01
-3.539278507232666016e+00,3.106023343582605678e-01,4.471751482409165313e-01
-3.549811363220214844e+00,2.717382017169210351e-01,4.336864508901431270e-01
-3.466703176498413086e+00,2.179112739206363891e-01,5.328528272175618863e-01
-3.298902750015258789e+00,1.914501459296222841e-01,5.122525665169077591e-01
-2.927103757858276367e+00,1.609769761694302692e-01,5.438676529222051803e-01
-3.483391046524047852e+00,2.195046070013520201e-01,6.093881842859601994e-01
-3.473965883255004883e+00,2.217291489274795802e-01,6.951518290859174387e-01
-3.420376062393188477e+00,2.036375639276870042e-01,7.219648750312775976e-01
-3.401743650436401367e+00,1.991303339902419645e-01,7.293039158208031170e-01
-3.443967342376708984e+00,2.525245395040662255e-01,7.407265119178396695e-01
-3.369774818420410156e+00,2.771344718055085421e-01,7.326849603846138370e-01
-2.925214767456054688e+00,3.727183830888097238e-01,7.186060629963391122e-01
-3.057463645935058594e+00,3.383476903031363836e-01,7.395147704500445451e-01
-2.979404449462890625e+00,3.545408846907098788e-01,7.416666968184868480e-01
-3.239764451980590820e+00,3.174331332010911777e-01,6.781580551461388051e-01
-3.475965261459350586e+00,2.642389792406270588e-01,6.756373050677527692e-01
-3.499664068222045898e+00,2.370084746193693859e-01,6.764989908331916491e-01
-3.392830133438110352e+00,1.963630354213050100e-01,6.738556558827153431e-01
-2.839674472808837891e+00,1.453223335575616060e-01,7.738886910710858213e-01
-3.034946203231811523e+00,1.561974461178134710e-01,8.697080401963327434e-01
-3.304383277893066406e+00,1.904379346194582656e-01,9.095995704357517919e-01
-3.086427688598632812e+00,1.604803194840829783e-01,9.099094629333731588e-01
-3.095691680908203125e+00,1.612752182083492247e-01,9.085747404583537357e-01
-3.417737245559692383e+00,2.160521252035078610e-01,8.086928582415331412e-01
-3.329172134399414062e+00,2.533496793345865195e-01,8.507992177584798865e-01
-3.315266609191894531e+00,1.865950497365509164e-01,8.325752834780818512e-01
-3.445958137512207031e+00,2.228234715023823531e-01,7.688885912152961799e-01
-3.354449987411499023e+00,1.914118040275782362e-01,7.825658557765886592e-01
-2.474076509475708008e+00,1.335150411840002327e-01,7.372939864432084267e-01
-3.220432996749877930e+00,1.729035214949616039e-01,7.155478702085465992e-01
-3.465752840042114258e+00,2.244828439593016811e-01,7.299512397238091532e-01
-3.054892778396606445e+00,1.582586839483916541e-01,7.639097957308043085e-01
-2.181041717529296875e+00,1.251692602158510914e-01,7.956954179084275713e-01
-3.450380563735961914e+00,2.170610354147207155e-01,7.391807695713522586e-01
-2.215089797973632812e+00,1.293183318847971608e-01,7.179830734806648129e-01
-3.393655061721801758e+00,1.969674739521915796e-01,7.167207513173310396e-01
-3.072212457656860352e+00,1.641839711278546832e-01,6.164640649118886540e-01
-3.521799325942993164e+00,2.379922704480393614e-01,6.045254273016700264e-01
-3.472818374633789062e+00,2.638590770666162655e-01,6.801796759257988656e-01
-3.331736803054809570e+00,2.954177175381629272e-01,6.938819604637592731e-01
-3.490212678909301758e+00,2.267274471677104830e-01,6.686546349520234855e-01
-3.429743051528930664e+00,2.040390128752817278e-01,6.401317552387221221e-01
-3.417732000350952148e+00,2.012990962180190857e-01,6.718177831061636907e-01
-3.425111532211303711e+00,2.758768531740584118e-01,6.901904759579375881e-01
-3.155666351318359375e+00,3.180419661433899203e-01,7.357315691054920892e-01
-3.110782146453857422e+00,3.159097007634712462e-01,7.772862688495686401e-01
-2.674900293350219727e+00,3.700707989466206493e-01,8.743818346827808563e-01
-2.977463960647583008e+00,3.190714901454793639e-01,8.686351116619766000e-01
-2.985174655914306641e+00,3.204584793811371402e-01,8.574041470549303989e-01
-3.000766038894653320e+00,3.040095826420187164e-01,9.127546708666289810e-01
-2.718278408050537109e+00,3.416414747322134016e-01,9.557527092858754125e-01
-2.416996240615844727e+00,4.026230038161733304e-01,9.372496691738008145e-01
-2.345685958862304688e+00,4.261794361708721168e-01,9.157174488948918167e-01
-2.044809103012084961e+00,4.745325764543065761e-01,9.744505895153509067e-01
-2.052486181259155273e+00,4.673510270572253655e-01,9.886015010158186733e-01
-1.857729911804199219e+00,5.050883135206150065e-01,1.000560884567611719e+00
-1.980959296226501465e+00,4.853378353345180196e-01,9.833582573962090789e-01
-2.260348558425903320e+00,4.305410124500038682e-01,9.581587982404721204e-01
-2.476828813552856445e+00,3.897002623893962570e-01,9.365741113777593663e-01
-2.518628358840942383e+00,3.715095721294763842e-01,9.702944864846163586e-01
-2.517602205276489258e+00,3.804775827836531232e-01,9.392185520315387004e-01
-2.609953880310058594e+00,3.644183870490979582e-01,9.360956843363105184e-01
-2.234299182891845703e+00,4.336375213399262796e-01,9.658340018175277653e-01
-2.447706699371337891e+00,3.860869757471249719e-01,9.686775435878434148e-01
-2.321894168853759766e+00,4.192118314799601064e-01,9.513407157882244336e-01
-2.341611623764038086e+00,4.232007949179362183e-01,9.267316897780171203e-01
-2.294777870178222656e+00,4.400200168765746600e-01,9.109629374224891274e-01
-2.156695365905761719e+00,4.476395057600559557e-01,9.762642839992635713e-01
-2.364918947219848633e+00,3.975591182575207161e-01,9.891936237527853004e-01
-2.662522315979003906e+00,3.584622098793095457e-01,9.250433024437930696e-01
-2.834231376647949219e+00,3.307937267759635813e-01,9.239450061656586666e-01
-2.986060142517089844e+00,3.238942087310760498e-01,8.436081616457907772e-01
-2.966382980346679688e+00,3.345608219800888516e-01,8.182807952759596493e-01
-3.305079221725463867e+00,2.901717304967783018e-01,7.315172438405931343e-01
-3.320944070816040039e+00,2.831324285220055970e-01,7.469682930575159974e-01
-3.430078983306884766e+00,2.684921754906804403e-01,7.097664499465173860e-01
-3.336505174636840820e+00,2.838379157641207073e-01,7.331832212879286770e-01
-3.449883937835693359e+00,2.486106099242983425e-01,7.430354791803496228e-01
-3.337342977523803711e+00,2.754787954386075377e-01,7.640065769366789494e-01
-3.481136083602905273e+00,2.455126073692973365e-01,7.072572337588090008e-01
-3.502247333526611328e+00,2.730396853197492035e-01,6.218049826152715065e-01
-3.517170190811157227e+00,2.462784047148391942e-01,6.425118238521332348e-01
-3.474162817001342773e+00,2.249672600094104469e-01,7.103815779570689104e-01
-3.142852544784545898e+00,3.093551739050331983e-01,7.773604957720154918e-01
-2.811065435409545898e+00,3.620108929946168619e-01,8.199349628356801256e-01
-2.720833539962768555e+00,4.092825299908398051e-01,7.275020025465257500e-01
-2.657305240631103516e+00,4.340494932674088813e-01,6.990034088999430573e-01
-2.818695068359375000e+00,4.142433889895213439e-01,6.653344684138939868e-01
-2.815882444381713867e+00,4.010332598073817478e-01,7.000388883540319407e-01
-2.759103775024414062e+00,4.223311342872849705e-01,6.752905756176384999e-01
-2.730918645858764648e+00,4.433506949635253602e-01,6.428746689317380580e-01
-2.859663248062133789e+00,4.113955018697559862e-01,6.519807794518046595e-01
-2.866290330886840820e+00,3.995216228340097708e-01,6.778011598986515285e-01
-3.415659904479980469e+00,2.930034369662193883e-01,6.397752850893672072e-01
-3.503533124923706055e+00,2.664657002855837509e-01,6.369300761275131784e-01
-3.512395143508911133e+00,2.635428343810947149e-01,6.308897027962776516e-01
-3.504895925521850586e+00,2.875286098224332232e-01,5.762313684747418785e-01
-3.518323183059692383e+00,2.645040918043220501e-01,6.200507022082752950e-01
-3.259191036224365234e+00,3.207955130332999505e-01,6.533998642281187985e-01
-2.917394876480102539e+00,4.003149675396131535e-01,6.486571802270687526e-01
-2.906364202499389648e+00,3.824968496132952755e-01,7.014388851900611455e-01
-3.015533447265625000e+00,3.372794189310119872e-01,7.740629490348233110e-01
-3.076076030731201172e+00,3.337373339402688321e-01,7.408638934864351100e-01
-2.745200395584106445e+00,3.901469187265059757e-01,7.682288629495208632e-01
-2.967668294906616211e+00,3.663098980346508604e-01,7.122513461252081290e-01
-2.620746374130249023e+00,4.267359398319665043e-01,7.364013007332438354e-01
-2.886683464050292969e+00,3.791023746725073473e-01,7.223249967735995147e-01
-2.959356307983398438e+00,3.774423263395328965e-01,6.848732754321935623e-01
-2.950259685516357422e+00,3.882838544136748005e-01,6.608466499773572034e-01
-2.661978960037231445e+00,4.453447499765730289e-01,6.719565179107821473e-01
-3.075464963912963867e+00,3.631480795043696141e-01,6.525973782689482583e-01
-2.941794872283935547e+00,3.725597482828540974e-01,7.093322719802440668e-01
-3.322317361831665039e+00,2.802360599252835538e-01,7.572401013409250092e-01
-3.499972105026245117e+00,2.392844410342091777e-01,6.780360935179278181e-01
-3.436589002609252930e+00,2.078876263513351474e-01,7.113045125514269040e-01
-3.466732978820800781e+00,2.156418734690046524e-01,6.714189305331910163e-01
-3.498662948608398438e+00,2.354028369217919248e-01,6.763654117871369387e-01
-3.337067842483520508e+00,1.880882279354372799e-01,6.441638214118768913e-01
-3.420848846435546875e+00,2.019676112718511440e-01,6.505436499627809122e-01
-3.247446775436401367e+00,1.757006776981611396e-01,7.237393364918202066e-01
-2.938875675201416016e+00,1.507954198049362426e-01,7.664760527115793698e-01
-2.952338933944702148e+00,1.510719474944962615e-01,7.966632881087700735e-01
-3.282553434371948242e+00,1.822356834643492351e-01,8.562675571034628064e-01
-3.354564189910888672e+00,2.245649483747874653e-01,9.003256737775719998e-01
-3.157689809799194336e+00,2.720148721141472103e-01,9.150750141027959028e-01
-3.336254596710205078e+00,2.345643311753570770e-01,8.997264220768688148e-01
-2.976503610610961914e+00,3.120593939487801283e-01,8.977332570379439325e-01
-2.878582715988159180e+00,3.279046116888116313e-01,9.056852147385748841e-01
-2.912833690643310547e+00,3.060716939800862679e-01,9.726061174105441465e-01
-2.920073986053466797e+00,2.991767259561773362e-01,9.981834614967943775e-01
-2.741274118423461914e+00,3.276273053021289128e-01,1.000321953524468954e+00
-2.670044660568237305e+00,3.378520558214527236e-01,1.003828724694621366e+00
-3.047287464141845703e+00,2.709604815962149416e-01,1.017044187495214969e+00
-2.994888782501220703e+00,2.728239155356756984e-01,1.057161073601232459e+00
-2.930514335632324219e+00,2.892193080133586558e-01,1.036304342592636596e+00
-3.058781862258911133e+00,2.564401010355755184e-01,1.068988787128325235e+00
-3.223289012908935547e+00,2.312341187496435857e-01,1.021195438335027461e+00
-2.963312864303588867e+00,3.016679168242558107e-01,9.526286581642930962e-01
-3.134929180145263672e+00,2.595367786210974748e-01,9.871265004699046886e-01
-3.203649044036865234e+00,2.402104014825593437e-01,1.007837460239708216e+00
-3.142271757125854492e+00,2.471198445032754820e-01,1.034020742408083393e+00
-2.977635383605957031e+00,2.821161342832631536e-01,1.029717972773379620e+00
-2.877125501632690430e+00,2.851024790226180938e-01,1.100276664407410676e+00
-2.919267177581787109e+00,2.719903936689704871e-01,1.128815425857475852e+00
-3.099842309951782227e+00,2.220051659309923431e-01,1.172467944678379226e+00
-3.067849397659301758e+00,2.011760436460772183e-01,1.256442896234833073e+00
-2.989180803298950195e+00,1.652914647206674692e-01,1.226938231339989249e+00
-2.845850229263305664e+00,1.518056167158660374e-01,1.276345835156589947e+00
-2.957603454589843750e+00,2.354314936195245067e-01,1.257187459410894492e+00
-2.552897453308105469e+00,2.887974718601605262e-01,1.332151777946803728e+00
-2.841984033584594727e+00,2.570632698126487092e-01,1.273536900832007213e+00
-2.941920042037963867e+00,2.339205392883401957e-01,1.279334842799774385e+00
-2.923139095306396484e+00,2.341138277223487052e-01,1.297451591201095322e+00
-2.988476753234863281e+00,2.320724943618099889e-01,1.240903700890381822e+00
-2.842663764953613281e+00,2.607195475144822860e-01,1.253957694650417398e+00
-2.629282236099243164e+00,3.004007818685192621e-01,1.213402591006344622e+00
-2.904683828353881836e+00,2.702545163840123221e-01,1.150121948834398333e+00
-2.577212095260620117e+00,3.149337591789851398e-01,1.175580306424752974e+00
-2.322853088378906250e+00,3.542596669354325378e-01,1.178041702297250914e+00
-2.733266353607177734e+00,2.809530296842213670e-01,1.239041938721229918e+00
-2.685732364654541016e+00,2.792689108236422468e-01,1.285477155019296935e+00
-2.314163208007812500e+00,3.277544460734547194e-01,1.300836654105841594e+00
-2.697225093841552734e+00,2.681391921661127609e-01,1.338472020290773168e+00
-2.832438945770263672e+00,2.411066488418933396e-01,1.359813804619274924e+00
-2.994033336639404297e+00,1.915427238668439835e-01,1.341163670974354183e+00
-2.780368804931640625e+00,2.614890915838453678e-01,1.305020453628121802e+00
-2.713386297225952148e+00,2.615193609958352816e-01,1.361818952803580007e+00
-2.742182493209838867e+00,2.731695733282081262e-01,1.273985772522981508e+00
-2.865834951400756836e+00,2.451306315415842374e-01,1.308869492694366254e+00
-2.862578630447387695e+00,2.444769742994279682e-01,1.315059102095654353e+00
-2.860223770141601562e+00,2.458021142326920760e-01,1.311399409361196922e+00
-2.911895513534545898e+00,1.754023336075067607e-01,1.395802009163843227e+00
-2.840252637863159180e+00,1.610623775588828355e-01,1.404850215541190384e+00
-2.871505022048950195e+00,1.668063019785736012e-01,1.403497685749375057e+00
-2.569932699203491211e+00,1.367376049823274264e-01,1.474905298931631137e+00
-2.827405214309692383e+00,1.952152804678466691e-01,1.520450545386087038e+00
-2.819849252700805664e+00,1.849317866382677311e-01,1.532030026558938829e+00
-2.783603668212890625e+00,2.150609544787514538e-01,1.515124599874869471e+00
-2.510966300964355469e+00,2.551416677549659950e-01,1.559381436944606625e+00
-1.909013986587524414e+00,3.473408384811355054e-01,1.550147856353103926e+00
-2.049000024795532227e+00,3.057534274183047462e-01,1.610391386939507008e+00
-2.528559207916259766e+00,2.492672055639074957e-01,1.580794888816096089e+00
-2.719704151153564453e+00,1.580704679297192106e-01,1.543757573676010963e+00
-2.827924251556396484e+00,1.804389281584006244e-01,1.516090794936630681e+00
-2.801815271377563477e+00,1.988433274237299819e-01,1.539817274359149835e+00
-2.658984422683715820e+00,1.541215618822936728e-01,1.592947973656289040e+00
-2.814934730529785156e+00,1.776892802990390208e-01,1.523257993584294478e+00
-2.811522006988525391e+00,2.131739381959324720e-01,1.492761521373638489e+00
-2.685646772384643555e+00,2.356971938981382853e-01,1.527536069561180598e+00
-2.565711975097656250e+00,2.498345609126070288e-01,1.548287039056905012e+00
-2.845345497131347656e+00,1.854529396282369180e-01,1.504320944055864251e+00
-2.430211782455444336e+00,1.274128719207155980e-01,1.495078049955580690e+00
-2.693397998809814453e+00,1.561646108227544294e-01,1.564132766801427987e+00
-2.580809831619262695e+00,1.460031425244890657e-01,1.615642662706754162e+00
-2.740245103836059570e+00,1.916399468890165880e-01,1.613287749669596538e+00
-2.805139303207397461e+00,1.915025617111167089e-01,1.547493425677949563e+00
-2.569921255111694336e+00,1.400512340661626831e-01,1.545764673088779961e+00
-2.264929533004760742e+00,1.191633294527457282e-01,1.512683505641133186e+00
-2.748344182968139648e+00,1.587701497956598984e-01,1.510777877717195850e+00
-2.440345287322998047e+00,1.293352713786566355e-01,1.535668027546223557e+00
-2.512388944625854492e+00,1.377386221179714709e-01,1.601722404369360975e+00
-2.721653699874877930e+00,1.849053637524077642e-01,1.637661203102865448e+00
-2.664465188980102539e+00,1.978217290655002181e-01,1.679632798761771184e+00
-2.632258176803588867e+00,1.781082354577448179e-01,1.728928042215511773e+00
-2.579098701477050781e+00,2.185630702386185953e-01,1.709762440313306042e+00
-2.368272542953491211e+00,2.488268062440786021e-01,1.705014596221965606e+00
-2.688531875610351562e+00,1.929288345297688612e-01,1.663004635180775459e+00
-2.629437685012817383e+00,1.598655124275016604e-01,1.670964719716857338e+00
-1.538388490676879883e+00,9.718604257711288552e-02,1.717325325624306176e+00
-2.147843360900878906e+00,1.178649855528365459e-01,1.755871565181289951e+00
-2.522240877151489258e+00,1.552059185634472038e-01,1.773664292662057163e+00
-2.369570016860961914e+00,2.388009009592984844e-01,1.769924071808155697e+00
-2.478454113006591797e+00,1.620651316093137395e-01,1.858140611307654622e+00
-2.321732282638549805e+00,2.334116320894232266e-01,1.842100682036570847e+00
-2.101051568984985352e+00,2.490169674442959946e-01,1.892794720902579053e+00
-2.454140424728393555e+00,1.599963122222336220e-01,1.876127609187957512e+00
-2.496418237686157227e+00,1.684045009749864374e-01,1.859480649950325137e+00
-2.350954532623291016e+00,1.472155602092602988e-01,1.922203668607392446e+00
-4.243063330650329590e-01,7.819663887835472116e-02,1.978288999817212401e+00
-2.193162441253662109e+00,1.284372262605648629e-01,1.928041786420457315e+00
-2.288403034210205078e+00,1.414969377448487831e-01,1.954667907612050115e+00
-2.340018749237060547e+00,1.932038022993484705e-01,2.004597017239121648e+00
-2.140583753585815430e+00,2.272028470235680775e-01,2.016846554687712345e+00
-2.265998363494873047e+00,1.940252949938397198e-01,2.071556060580086012e+00
-2.336946487426757812e+00,1.723973349547478218e-01,2.020482267620824057e+00
-2.446290016174316406e+00,1.868000257621419413e-01,1.909597900232856249e+00
-1.979876875877380371e+00,1.118133490458417534e-01,1.875344917363737984e+00
-2.267876863479614258e+00,1.316097351570966190e-01,1.866881917231280941e+00
-2.260416746139526367e+00,1.314651604806129914e-01,1.875233367806232065e+00
-1.981095910072326660e+00,1.118823155979842693e-01,1.875970847328581215e+00
-2.004714012145996094e+00,1.158003819737474099e-01,1.966387362954359563e+00
-2.436247825622558594e+00,1.600601689998792654e-01,1.896073125806681414e+00
-2.098599672317504883e+00,1.194534020479973979e-01,1.898033385097123160e+00
-2.148590326309204102e+00,1.215621934149778149e-01,1.866519842621762182e+00
-2.497361660003662109e+00,1.723898973983755967e-01,1.865404683828586929e+00
-2.374494314193725586e+00,1.420557311074579776e-01,1.853541781712787939e+00
-2.386812448501586914e+00,2.077961588564792017e-01,1.930818711149540956e+00
-1.831861257553100586e+00,2.699174562725471516e-01,1.964757036239215493e+00
-2.160590171813964844e+00,2.351173883563711098e-01,1.943641256102963677e+00
-1.663157701492309570e+00,3.162233110166935979e-01,1.941639957569377239e+00
-1.680559873580932617e+00,3.111924443440661214e-01,1.939247686061800202e+00
-1.681960582733154297e+00,3.103371697336754220e-01,1.940713744580056854e+00
-1.644911885261535645e+00,3.415987110518578507e-01,1.889292709749435417e+00
-1.994489073753356934e+00,2.667450284144752271e-01,1.863911800111075934e+00
-2.175988197326660156e+00,2.382559402242123148e-01,1.910663886599048622e+00
-2.281063079833984375e+00,2.264945125708453244e-01,1.921004985138056620e+00
-2.478818655014038086e+00,1.957069684718334701e-01,1.867649964834796616e+00
-2.344769954681396484e+00,1.361012847165734008e-01,1.823681356801156950e+00
-2.456322908401489258e+00,1.574704533453816502e-01,1.862155135320674226e+00
-2.313938140869140625e+00,1.362528963809737093e-01,1.865845369934990394e+00
-9.041173458099365234e-01,8.402975879333390852e-02,1.905517352682141619e+00
-2.105512380599975586e+00,1.227911901006964041e-01,1.966023480961181402e+00
-1.954927206039428711e+00,1.103701828322891237e-01,1.852276027774063749e+00
-2.494480133056640625e+00,1.878747379491083336e-01,1.861504680103024612e+00
-2.542845249176025391e+00,1.678735350109490099e-01,1.807512554877645616e+00
-2.510324478149414062e+00,2.219763419980449182e-01,1.759775542603877918e+00
-1.808563828468322754e+00,3.103171672173237194e-01,1.806675247247534255e+00
-2.452538728713989258e+00,2.178535368885691215e-01,1.832270838143707392e+00
-2.487087488174438477e+00,1.993994523362755955e-01,1.856087360782228357e+00
-2.440600872039794922e+00,2.008049828101118317e-01,1.898977602129216180e+00
-2.443558931350708008e+00,1.810812283286157842e-01,1.917445403829601824e+00
-2.419705629348754883e+00,1.601756204971134245e-01,1.914398038879720376e+00
-2.359421730041503906e+00,1.473680222024608966e-01,1.913626476195157577e+00
-2.425353288650512695e+00,2.068403909194763690e-01,1.897958950921462051e+00
-2.394656658172607422e+00,1.851628431120594109e-01,1.960762608365991477e+00
-2.164095163345336914e+00,1.262168592010185220e-01,1.935595037596902879e+00
-2.072620391845703125e+00,1.163129249381150560e-01,1.852395245273332547e+00
-2.499398708343505859e+00,1.829252967223445603e-01,1.861390711841074186e+00
-2.504776239395141602e+00,1.611894315323390836e-01,1.824740110359544643e+00
-2.556523084640502930e+00,1.834001197631534019e-01,1.804521472833240381e+00
-2.386070251464843750e+00,2.221099898027616426e-01,1.868642119373026933e+00
-2.054504394531250000e+00,2.604942880875873445e-01,1.857549084746769053e+00
-2.294990777969360352e+00,2.281465494800576921e-01,1.899135312903525330e+00
-2.434509992599487305e+00,1.950691649915530235e-01,1.912008726408513049e+00
-2.256705284118652344e+00,1.288440233996470397e-01,1.841329404442284101e+00
-1.456400036811828613e+00,9.469783088719539721e-02,1.838189060345442938e+00
-2.013924360275268555e+00,1.118639398556445508e-01,1.784301027386967942e+00
-1.988127470016479492e+00,1.107180999218839723e-01,1.776317196348460303e+00
-2.647868871688842773e+00,1.705104269280977303e-01,1.697448785579177111e+00
-2.438356637954711914e+00,1.436694112930308187e-01,1.787103474462228725e+00
-2.183965444564819336e+00,1.203241504478845397e-01,1.768944949595366856e+00
-2.237776279449462891e+00,1.232176204733153174e-01,1.752932140817744955e+00
-9.878886342048645020e-01,8.735665088075758589e-02,1.742844287973710493e+00
-2.544374942779541016e+00,1.547874437459708652e-01,1.744564085717084767e+00
-2.288471698760986328e+00,1.270011416708816954e-01,1.755492377745896171e+00
-2.297857999801635742e+00,1.289850917236643191e-01,1.780342107818697173e+00
-2.190709114074707031e+00,1.191795936912208448e-01,1.715839317352305882e+00
-1.984694123268127441e+00,1.098016443808378928e-01,1.690054535132872182e+00
-2.177408695220947266e+00,1.184473658609823399e-01,1.714983197852835595e+00
-2.552397727966308594e+00,1.511625860659929765e-01,1.707666376944761977e+00
-2.527590274810791016e+00,2.283618059402083289e-01,1.711347432716455952e+00
-2.470427036285400391e+00,2.283655079120042453e-01,1.761318006824696303e+00
-2.276222944259643555e+00,2.544418724470144388e-01,1.735269319593740978e+00
-2.059620380401611328e+00,2.830287379216503973e-01,1.722183380328918822e+00
-1.927226066589355469e+00,3.079194832970043594e-01,1.704644188441210462e+00
-1.809185028076171875e+00,3.508432143923769231e-01,1.627601687989257861e+00
-2.166415929794311523e+00,2.844492338324874914e-01,1.636257675049558102e+00
-2.224163532257080078e+00,2.787262607736325504e-01,1.628727279722208987e+00
-2.465019941329956055e+00,2.621194272076700638e-01,1.551431578923912813e+00
-2.560890913009643555e+00,2.539339353418621492e-01,1.527574234598804814e+00
-2.453447818756103516e+00,2.758787937321624528e-01,1.478729531116889762e+00
-2.787506103515625000e+00,2.428344886917969681e-01,1.395657544833107222e+00
-2.867367267608642578e+00,2.209150751021805859e-01,1.408755598713499424e+00
-2.784680604934692383e+00,2.388890397922572018e-01,1.416758538224266673e+00
-2.837530136108398438e+00,2.243632638376404365e-01,1.425009448313727001e+00
-2.684730529785156250e+00,2.496902530016752442e-01,1.452145220944560222e+00
-2.953952074050903320e+00,1.895908470907377574e-01,1.385406391366123424e+00
-2.888356924057006836e+00,2.207462302904011908e-01,1.388115088327247504e+00
-2.953994750976562500e+00,1.862727794696689143e-01,1.380451810610918706e+00
-2.825268745422363281e+00,2.151756842066754327e-01,1.472210035215586243e+00
-2.572762727737426758e+00,2.560064310745723826e-01,1.506261645936919136e+00
-2.732931137084960938e+00,2.302520050250917716e-01,1.505841888721537680e+00
-2.785414218902587891e+00,2.259801122295145848e-01,1.470923432940909548e+00
-2.479071140289306641e+00,2.686548528203524522e-01,1.501536264829650635e+00
-2.524767637252807617e+00,2.751171030550001451e-01,1.429958044839019227e+00
-2.768764495849609375e+00,2.430797129729196093e-01,1.412359081976175768e+00
-2.734864473342895508e+00,2.542795777050532169e-01,1.383455904254929703e+00
-2.809270858764648438e+00,2.402362043239252010e-01,1.386442922313519066e+00
-3.006207466125488281e+00,1.981942199757017742e-01,1.327127180016597796e+00
-2.799879789352416992e+00,1.459635227440982119e-01,1.229548372533856515e+00
-3.008072137832641602e+00,1.699893156463840316e-01,1.239753570379073189e+00
-3.069987773895263672e+00,2.019223142274707006e-01,1.253254547723785306e+00
-3.031588077545166016e+00,2.220263905943609395e-01,1.240273714040463826e+00
-3.064452171325683594e+00,1.968968044505422510e-01,1.262457326073693764e+00
-2.577965974807739258e+00,2.828387535734452896e-01,1.346646081698659625e+00
-2.759698390960693359e+00,2.592209648255056065e-01,1.335160143242991815e+00
-2.797833204269409180e+00,2.476669698583223722e-01,1.361977276372899226e+00
-2.507015466690063477e+00,2.858454524064010793e-01,1.381908106699500705e+00
-2.303651094436645508e+00,3.166159644212021562e-01,1.362614364493959451e+00
-2.343864202499389648e+00,3.082652566802784322e-01,1.378229644078720506e+00
-2.569151639938354492e+00,2.801739618995636172e-01,1.368144945956071501e+00
-2.979889154434204102e+00,2.198730377002681702e-01,1.299896320747494283e+00
-2.957210302352905273e+00,1.810716720256115853e-01,1.359061223680083197e+00
-2.952225446701049805e+00,1.943854548616596178e-01,1.388777647393794501e+00
-8.590189814567565918e-01,9.396061963839438813e-02,1.319713026563217539e+00
-2.723031282424926758e+00,1.430835686989858080e-01,1.318002933267772070e+00
-2.032943964004516602e+00,1.113620746133221762e-01,1.311780856872672540e+00
-2.867934226989746094e+00,1.542858767693253697e-01,1.287073989781196248e+00
-2.975248336791992188e+00,1.971309161835060331e-01,1.361889887357540907e+00
-3.012602329254150391e+00,2.125017540305211561e-01,1.290908878973001439e+00
-2.669280290603637695e+00,1.392215959881957787e-01,1.332718277918772287e+00
-2.323649406433105469e+00,1.199849073298646235e-01,1.282337946958274522e+00
-3.027577638626098633e+00,1.787766140240119039e-01,1.263158751187221318e+00
-2.508233547210693359e+00,1.277449915343200904e-01,1.260954428808001682e+00
-2.843391180038452148e+00,1.491550057063847912e-01,1.219472881980279144e+00
-3.015014171600341797e+00,1.685691776761969740e-01,1.218644995546244392e+00
-3.091677665710449219e+00,1.785422230723976156e-01,1.177004168615300772e+00
-3.074424743652343750e+00,1.782562273113506013e-01,1.198838676329184283e+00
-3.086208105087280273e+00,1.759373634350797355e-01,1.168948327904529405e+00
-3.066999673843383789e+00,1.746739181283165909e-01,1.188127068583281654e+00
-3.150966644287109375e+00,1.842115058081102985e-01,1.124028190196283417e+00
-2.693017005920410156e+00,1.364562532419592855e-01,1.123491454277763202e+00
-3.101952791213989258e+00,1.846831591023004315e-01,1.191367986613288021e+00
-3.120968103408813477e+00,1.782771362784770219e-01,1.134020033500824143e+00
-2.962929964065551758e+00,2.776105157407877111e-01,1.063743291778650013e+00
-3.080034255981445312e+00,2.522560554488451623e-01,1.067350612725892489e+00
-3.155653238296508789e+00,2.350114119750097430e-01,1.070685869105934440e+00
-3.227265834808349609e+00,1.960938096751271009e-01,1.060289881165454196e+00
-3.192852973937988281e+00,2.018401588799122737e-01,1.110829479234268558e+00
-3.069826364517211914e+00,1.671884096281246457e-01,1.116062850060407508e+00
-3.159271478652954102e+00,2.188823958402723591e-01,1.121910338589106049e+00
-3.104162931442260742e+00,1.773514070384217822e-01,1.152324717106027130e+00
-2.920888185501098633e+00,1.534773656086214078e-01,1.160116367525699355e+00
-3.164778232574462891e+00,1.870239891331581528e-01,1.116284443652128644e+00
-3.000809431076049805e+00,1.637871172183535118e-01,1.191446076810511068e+00
-3.148633480072021484e+00,1.942710742139914515e-01,1.157805839745865928e+00
-3.078685522079467773e+00,2.199636684791448638e-01,1.200456802930766065e+00
-3.081868171691894531e+00,1.777083104203445729e-01,1.185654985857664601e+00
-2.931345224380493164e+00,1.523902640086958193e-01,1.103911904366658314e+00
-2.850963830947875977e+00,1.486780015412329237e-01,1.188871510751197347e+00
-2.167680025100708008e+00,1.155616955135578133e-01,1.214623446930430228e+00
-3.072633028030395508e+00,1.823234293145140072e-01,1.220250299919155124e+00
-3.078170537948608398e+00,2.200671065587658237e-01,1.200622901962735911e+00
-3.029009819030761719e+00,1.780941359097623911e-01,1.258273720300312037e+00
-2.790999650955200195e+00,1.442379607627658489e-01,1.198862217867989077e+00
-2.663877725601196289e+00,1.358868149834279726e-01,1.217880017181940833e+00
-2.237639427185058594e+00,1.176046243915083722e-01,1.199414443250451212e+00
-2.811538219451904297e+00,1.443666750362952167e-01,1.145265368872030010e+00
-1.503782153129577637e+00,1.024229059109402623e-01,1.263176797142971042e+00
-2.560982465744018555e+00,1.308438608776355261e-01,1.282764846950018134e+00
-3.050072908401489258e+00,1.956854948889075463e-01,1.278790436280599074e+00
-2.967468261718750000e+00,2.335018700143912107e-01,1.255596523783778284e+00
-2.991932153701782227e+00,2.210769966369925676e-01,1.283375072913120807e+00
-2.999641180038452148e+00,1.738791787569629321e-01,1.275343482821898577e+00
-2.948165893554687500e+00,1.638731738809882099e-01,1.276535800088433925e+00
-2.977965831756591797e+00,1.776489633088997044e-01,1.321439277223209974e+00
-2.978418588638305664e+00,2.181968926542314779e-01,1.307600508556154617e+00
-2.977387189865112305e+00,2.155132571925331697e-01,1.318009699024804915e+00
-2.936321258544921875e+00,2.247400515901229745e-01,1.323808599092663574e+00
-3.018729925155639648e+00,1.937388926921352894e-01,1.314181072740844725e+00
-2.715822458267211914e+00,2.709381920423134527e-01,1.307867060031553175e+00
-2.901136159896850586e+00,2.494649954016013027e-01,1.254116180533378255e+00
-2.545299053192138672e+00,3.054965992939295272e-01,1.247654505675565462e+00
-2.618138074874877930e+00,3.045035273843910706e-01,1.200134855750461416e+00
-2.648833274841308594e+00,3.060103661401618047e-01,1.169895902160705381e+00
-2.918285608291625977e+00,2.580029586113954942e-01,1.198081168754681736e+00
-3.110298633575439453e+00,1.895363749843783641e-01,1.194346523045142883e+00
-3.115627765655517578e+00,2.131650050579618760e-01,1.182282492949832786e+00
-3.011404991149902344e+00,2.515265270607317527e-01,1.135017239447069226e+00
-3.120329856872558594e+00,2.384448987610208459e-01,1.089262126785888407e+00
-3.169234514236450195e+00,2.008817189115573720e-01,1.138725359489167088e+00
-3.195289134979248047e+00,1.993291294985614914e-01,1.107243385606190955e+00
-3.160957813262939453e+00,1.775818206458136261e-01,1.064884968384467667e+00
-2.613396167755126953e+00,1.318636672416164668e-01,1.102289413644575555e+00
-3.048423767089843750e+00,1.645287596568564825e-01,1.116871557412189242e+00
-2.593609333038330078e+00,1.320536264865342091e-01,1.238868517587546458e+00
-2.445545911788940430e+00,1.245311568726057833e-01,1.198938735893988472e+00
-3.088242053985595703e+00,1.726832870039183565e-01,1.141327103997025638e+00
-2.698241472244262695e+00,1.371022161273305895e-01,1.159558650178262873e+00
-2.641700267791748047e+00,1.340956408608492134e-01,1.183209919941295318e+00
-1.517887353897094727e+00,1.030870499875705809e-01,1.240545565869944022e+00
-2.593169689178466797e+00,1.326756945841557345e-01,1.279608463870375523e+00
-1.366880536079406738e+00,1.002224338787606334e-01,1.283561352381668019e+00
-2.670016527175903320e+00,1.366965338031288224e-01,1.238340268547778455e+00
-1.851492881774902344e+00,1.090094648950691719e-01,1.214264938489480361e+00
-2.874940872192382812e+00,1.527648143330056496e-01,1.239845660302850927e+00
-3.022476196289062500e+00,1.634890544176575145e-01,1.150091500900729313e+00
-3.040629863739013672e+00,1.648217536557715635e-01,1.136385811923654732e+00
-3.155717611312866211e+00,2.295968951941582403e-01,1.091211443694551253e+00
-2.894623756408691406e+00,2.903226669138035954e-01,1.060402802632428809e+00
-3.068192958831787109e+00,2.660816173334378254e-01,1.018875802925909957e+00
-3.129674434661865234e+00,2.525784137005932517e-01,1.021779264811917942e+00
-3.209068298339843750e+00,2.152067644015696890e-01,1.079890443929141686e+00
-2.817317247390747070e+00,1.435371262526112801e-01,1.082847608729658351e+00
-3.069012403488159180e+00,1.714558725956804308e-01,1.160755023252062479e+00
-3.067171573638916016e+00,1.760743147718702162e-01,1.196484237337538836e+00
-3.099940061569213867e+00,1.764493043653460602e-01,1.152531529578140201e+00
-2.770467519760131836e+00,1.418487204233325194e-01,1.164726382495009815e+00
-2.801666259765625000e+00,1.430548478249622224e-01,1.117025144016636551e+00
-3.183562517166137695e+00,2.353862468702168087e-01,1.044020846292328386e+00
-3.103122711181640625e+00,2.545316105472915647e-01,1.036662422039301923e+00
-3.097996234893798828e+00,2.435333213184248391e-01,1.088466195563454475e+00
-3.206507444381713867e+00,2.097304142938480609e-01,1.091861241852728481e+00
-3.194830417633056641e+00,2.138688179312799587e-01,1.098033042088126354e+00
-3.224523305892944336e+00,2.194914392542893222e-01,1.053633411760204641e+00
-3.274096250534057617e+00,2.040449501560259449e-01,1.011828571477769056e+00
-3.202377319335937500e+00,2.348432552617536750e-01,1.028886504805738511e+00
-3.241878986358642578e+00,2.293199272028974833e-01,1.009054536276464020e+00
-3.267609119415283203e+00,2.169175667292324028e-01,1.011870410762948147e+00
-3.289193630218505859e+00,1.965015056159887807e-01,9.719103041334778981e-01
-3.154594421386718750e+00,1.824650590079650303e-01,1.110635665132295724e+00
5.611649990081787109e+00,5.090056991911803830e-02,1.085185593372030688e+00
-2.337162017822265625e+00,1.207400347138184865e-01,1.174588215853845874e+00
-2.131206750869750977e+00,1.155738777250750193e-01,1.138464421848996100e+00
-2.605487108230590820e+00,1.318380568642209538e-01,1.159428348978307710e+00
-3.039360284805297852e+00,1.666198707526608258e-01,1.160926076354783287e+00
-1.466503381729125977e+00,1.040162220361936923e-01,1.168447362464470007e+00
-2.721430540084838867e+00,1.395798277367616136e-01,1.213860634887879097e+00
-1.674106359481811523e+00,1.053505640159527329e-01,1.246816050558445133e+00
-2.867054462432861328e+00,1.514621555083719151e-01,1.224732330394295410e+00
-2.903105258941650391e+00,1.573381000027261056e-01,1.273729066570599366e+00
-3.058858633041381836e+00,1.810494282293986235e-01,1.232897045282332682e+00
-3.122013330459594727e+00,2.001766476142682605e-01,1.195010069585025203e+00
-2.927448034286499023e+00,2.494289695449653788e-01,1.227707244045979751e+00
-3.109422922134399414e+00,2.063755998098790734e-01,1.204219823697333380e+00
-3.066530704498291016e+00,2.178810038885199141e-01,1.219538909379401126e+00
-3.101222991943359375e+00,1.802002466715998397e-01,1.173072362391066159e+00
-2.904369831085205078e+00,1.499237820781396668e-01,1.089905338768817344e+00
-3.131576538085937500e+00,1.777329853124074710e-01,1.114140567944515547e+00
-3.087995529174804688e+00,2.362046354554657168e-01,1.128171357438050970e+00
-3.049671649932861328e+00,2.419101114988228551e-01,1.140019197810444584e+00
-3.031146287918090820e+00,2.456462574284621891e-01,1.141292651255744861e+00
-2.880368947982788086e+00,2.744962053349004338e-01,1.150041700833083436e+00
-2.321740388870239258e+00,3.600555035204829335e-01,1.155559374185665344e+00
-2.633489608764648438e+00,3.114519947419652213e-01,1.152766370265255302e+00
-2.655004739761352539e+00,3.115892698217025414e-01,1.136646447864577691e+00
-2.927461624145507812e+00,2.674216794206090708e-01,1.144139526039433141e+00
-2.985311269760131836e+00,2.673316136715305213e-01,1.090766463952763443e+00
-3.240402221679687500e+00,2.012758601827655258e-01,1.052761730572672194e+00
-1.133000135421752930e+00,1.020667054882655883e-01,1.106385985411692419e+00
-2.973937273025512695e+00,1.550939135349223563e-01,1.078583000549758086e+00
-2.207599163055419922e+00,1.197140203265293634e-01,9.966173115530457816e-01
-3.175088882446289062e+00,1.754600458760449955e-01,1.018146407769779715e+00
-3.102169275283813477e+00,2.355698128181222262e-01,1.117592795803769468e+00
-3.088597297668457031e+00,2.393054761518601525e-01,1.114635774710640348e+00
-2.843792676925659180e+00,2.794243033721711678e-01,1.156685701392384580e+00
-3.129975795745849609e+00,2.250032298992420410e-01,1.132240212028314374e+00
-3.235719680786132812e+00,2.086074416744252980e-01,1.058255332579129515e+00
-3.171907901763916016e+00,2.331695619495695315e-01,1.062914087588664680e+00
-3.264902830123901367e+00,2.049840480734479442e-01,1.024122459125098583e+00
-3.202142238616943359e+00,1.814018057302792253e-01,1.027902203571257944e+00
-2.912148714065551758e+00,1.495258714639165765e-01,1.045021674686012814e+00
-3.294732809066772461e+00,2.117840313789425000e-01,9.857649781491031327e-01
-3.229913234710693359e+00,2.402847006413248165e-01,9.843140018673350866e-01
-3.064821004867553711e+00,2.670766330187540061e-01,1.017654945060092908e+00
-3.209078311920166016e+00,2.111487283232411916e-01,1.087299990004266137e+00
-3.051046133041381836e+00,2.575207410978843647e-01,1.071533426037369674e+00
-3.077024698257446289e+00,2.405421675060079589e-01,1.120290513899103058e+00
-3.175695180892944336e+00,2.431752068816745160e-01,1.020718157395432479e+00
-3.148353099822998047e+00,2.443998467103663530e-01,1.039860684682448966e+00
-3.132784605026245117e+00,2.371390076888189036e-01,1.083121538603245781e+00
-3.157505035400390625e+00,2.269803088259775559e-01,1.098653020242228218e+00
-3.048023223876953125e+00,2.619724483830871975e-01,1.055002985915918901e+00
-3.110763549804687500e+00,2.490299930553018792e-01,1.053702426830683825e+00
-2.852378845214843750e+00,3.000842915328215121e-01,1.046967258046554550e+00
-2.487098455429077148e+00,3.623327412865936514e-01,1.027058136196508764e+00
-2.302554607391357422e+00,4.185356390209756250e-01,9.660523794529125574e-01
-2.495116710662841797e+00,3.640064513412333280e-01,1.014910452670707119e+00
-2.325914144515991211e+00,4.151277792398623268e-01,9.607983996058134801e-01
-2.697942018508911133e+00,3.431671074324745829e-01,9.627885433994521902e-01
-2.775984287261962891e+00,3.357167627732746129e-01,9.420139402368825632e-01
-2.765151977539062500e+00,3.481582256807855269e-01,8.991484779059913945e-01
-2.803288698196411133e+00,3.614296278731219392e-01,8.266060806918885673e-01
-3.050153493881225586e+00,3.260990422062620686e-01,7.869341537857645896e-01
-3.321821212768554688e+00,2.646926222975832244e-01,8.167697285465645995e-01
-3.400565862655639648e+00,2.470266822662907646e-01,8.007267546466916297e-01
-3.310379266738891602e+00,1.852671011107298871e-01,8.220275529767132605e-01
-3.315301895141601562e+00,2.591729635211972305e-01,8.425593783491752697e-01
-3.149989366531372070e+00,3.029719446461729970e-01,7.967559156836448997e-01
-3.027703762054443359e+00,3.311475358904156785e-01,7.861626678293337500e-01
-3.182253360748291016e+00,3.009018127436578482e-01,7.798336292378894585e-01
-3.433743476867675781e+00,2.324189729021687301e-01,7.906366386979433170e-01
-3.380457162857055664e+00,1.969877181224694573e-01,7.811706573034057355e-01
-3.435703277587890625e+00,2.075130597594233850e-01,7.099962115296619691e-01
-2.880105972290039062e+00,1.507725895017976159e-01,6.703506987075138479e-01
-2.208032131195068359e+00,1.337992305807316762e-01,6.399574734433384204e-01
-2.883019685745239258e+00,1.509872174135735989e-01,6.686506432082734985e-01
-3.253497838973999023e+00,1.768912218169707840e-01,6.842163293032779148e-01
-2.922652482986450195e+00,1.546649444809190255e-01,6.323153727399749569e-01
-2.783762216567993164e+00,1.486603958152081795e-01,6.306313354494151868e-01
-3.176478385925292969e+00,1.736122370748793275e-01,5.874834037861038638e-01
-2.869633436203002930e+00,1.594441885678331006e-01,5.333356095548917875e-01
-2.880930662155151367e+00,1.613417245933483901e-01,5.181886004443205795e-01
-3.371038913726806641e+00,1.940061286232522553e-01,6.142044815162697180e-01
-2.747302293777465820e+00,1.444283196188798080e-01,6.823919009539201053e-01
-3.150999784469604492e+00,1.667677125456746845e-01,7.032132836000355436e-01
-3.477180719375610352e+00,2.190466900230322311e-01,6.602963753942644454e-01
-3.097639560699462891e+00,1.674771085732037756e-01,5.893971406525684298e-01
-3.091799259185791016e+00,1.645249033619660128e-01,6.368151642216921537e-01
-3.493498325347900391e+00,2.250702121846606674e-01,6.403277570082036574e-01
-3.521466732025146484e+00,2.393668562893485063e-01,6.153008558895883828e-01
-3.499798536300659180e+00,2.514778103809457432e-01,6.704178588775404624e-01
-3.472502946853637695e+00,2.158422511923859810e-01,6.257842738252538117e-01
-3.518388748168945312e+00,2.352482342905174162e-01,5.973073516962340568e-01
-3.493071794509887695e+00,2.242584467939178761e-01,5.559400953761430841e-01
-3.249422788619995117e+00,1.840058482909480986e-01,5.364215940637535596e-01
-3.107634782791137695e+00,1.729744632086950562e-01,5.246546568304931712e-01
-3.218125581741333008e+00,1.839966217737057097e-01,5.038421959006915696e-01
-3.172042369842529297e+00,1.809567124467472421e-01,4.936712643129945177e-01
-3.551793098449707031e+00,2.587744424086162454e-01,4.982534837331236144e-01
-3.410414695739746094e+00,3.383493438156126021e-01,4.892748360942255070e-01
-3.415935039520263672e+00,3.250553332922880290e-01,5.283632210562496656e-01
-3.539666414260864258e+00,3.109035700984669193e-01,4.448370333085920336e-01
-3.555678844451904297e+00,2.937531695112199359e-01,4.728283151120629690e-01
-3.348623037338256836e+00,3.551633559410357077e-01,4.849203752228872788e-01
-3.378422498703002930e+00,3.433358291451006350e-01,4.977376131363928646e-01
-3.416620254516601562e+00,3.313532027983214778e-01,5.070917951420677028e-01
-3.295992374420166016e+00,3.310613967691626858e-01,5.944110920985331559e-01
-3.373034715652465820e+00,3.227407869503866045e-01,5.684997549072063894e-01
-3.250853061676025391e+00,3.596690143409314033e-01,5.413269644193160479e-01
-3.128122806549072266e+00,3.819616995485449196e-01,5.714128302944313509e-01
-3.033846616744995117e+00,4.191087098456411919e-01,5.470393325034932364e-01
-2.916425228118896484e+00,4.721999389069366782e-01,5.121050727407934211e-01
-2.676530361175537109e+00,5.060095953231407151e-01,5.630399952461946356e-01
-2.799130916595458984e+00,5.163477718869856625e-01,5.029729508065353683e-01
-2.901581764221191406e+00,4.827804212349254831e-01,5.034582947560242161e-01
-2.980072021484375000e+00,4.635066986494810748e-01,4.970064024851197360e-01
-3.105569839477539062e+00,4.505846261798630015e-01,4.561640963078794631e-01
-2.936822891235351562e+00,4.650170177673503824e-01,5.138742108598864933e-01
-3.115915775299072266e+00,4.007354029502440684e-01,5.383445965454046744e-01
-3.134608745574951172e+00,3.778860758983360602e-01,5.768062857294519175e-01
-3.233318567276000977e+00,3.493544861481382435e-01,5.824210028650707027e-01
-3.457104682922363281e+00,2.983647967373574961e-01,5.863461683661084223e-01
-3.005983114242553711e+00,3.994128420610584262e-01,6.029507057864901265e-01
-2.862161397933959961e+00,4.168372014746947740e-01,6.381347852674403853e-01
-2.926228046417236328e+00,3.807989303301337891e-01,6.947413141786262791e-01
-3.070815563201904297e+00,3.421263285420834688e-01,7.176713574260228379e-01
-2.615787506103515625e+00,4.333645296315644102e-01,7.231373375798607617e-01
-2.495350837707519531e+00,4.599761869155529759e-01,7.348068124958063718e-01
-2.496875762939453125e+00,4.297056331044641908e-01,8.058963361647372148e-01
-2.306697607040405273e+00,4.636294612354676659e-01,8.457411202322453470e-01
-2.551130533218383789e+00,4.314427038938507541e-01,7.662406274538271500e-01
-2.632198572158813477e+00,4.327380645611089705e-01,7.155734668703876977e-01
-2.743472576141357422e+00,4.290022214212453333e-01,6.675620456316031515e-01
-2.817404508590698242e+00,4.021722193953172209e-01,6.962558158602917269e-01
-2.798605680465698242e+00,4.065428112374714353e-01,6.945369723244663174e-01
-2.689139366149902344e+00,4.443922554228529886e-01,6.603973988093907455e-01
-2.797132492065429688e+00,4.247018339814185306e-01,6.515591158089020229e-01
-2.752178907394409180e+00,4.134466178613061538e-01,7.004962502511814515e-01
-3.277796983718872070e+00,3.074107371041071013e-01,6.878581114558218745e-01
-3.412655830383300781e+00,2.165104017627856314e-01,8.192972383570061856e-01
-3.314652681350708008e+00,1.851955279742753258e-01,8.014540833136376552e-01
-3.301815032958984375e+00,1.831953355598525401e-01,8.011128145575834303e-01
-2.715407609939575195e+00,1.383798382647760394e-01,8.316492055507975767e-01
-3.267561435699462891e+00,1.803969304936116624e-01,8.668670790856219943e-01
-2.978261709213256836e+00,1.522338471883490640e-01,8.619299289690246502e-01
-2.376199245452880859e+00,1.264106684247454371e-01,8.712194222676072908e-01
-2.856670856475830078e+00,1.446603702515855683e-01,9.107760755033760258e-01
-1.891228795051574707e+00,1.199626304428908496e-01,8.168034386293812066e-01
-3.243814468383789062e+00,1.755239965488344933e-01,8.143450114846646493e-01
-3.421679258346557617e+00,2.225417763538443672e-01,8.112013063954409686e-01
-3.394347667694091797e+00,2.154321063599739239e-01,8.490751210870204346e-01
-3.128620862960815430e+00,1.636816622989213932e-01,8.532758956624703073e-01
-3.327284336090087891e+00,1.896717579263578757e-01,8.457571987272762826e-01
-3.298181056976318359e+00,1.890928394437935700e-01,9.103520221564328496e-01
-3.255809783935546875e+00,2.453359980072352120e-01,9.432578554679371674e-01
-3.331815958023071289e+00,2.158346752831081794e-01,9.369123071974138073e-01
-3.278079509735107422e+00,1.822945904760158442e-01,8.717074977039749317e-01
-3.309962034225463867e+00,1.846544571526800849e-01,8.079132260075871930e-01
-3.382731914520263672e+00,2.143738962893202704e-01,8.664857248238110321e-01
-2.818925857543945312e+00,1.429345874838908736e-01,8.533067144550926519e-01
-3.377350807189941406e+00,2.287121743094986115e-01,8.674245552044476115e-01
-2.980417013168334961e+00,1.524793655661562664e-01,9.127109554835103333e-01
-2.831454992294311523e+00,1.432278553949864475e-01,9.387001027559283006e-01
-2.654165506362915039e+00,1.338106449873726900e-01,1.053918782274634536e+00
-3.173514366149902344e+00,1.817550172570235045e-01,1.078442933818596350e+00
-2.858012437820434570e+00,1.449736524377647495e-01,9.655973866600148225e-01
-2.145117521286010742e+00,1.177817801619857330e-01,1.028991811503656928e+00
-3.071231842041015625e+00,1.667196264729255417e-01,1.107123501360028905e+00
-3.220789909362792969e+00,1.906301034142996176e-01,1.052329801189666902e+00
-3.160504102706909180e+00,1.698666636903762850e-01,9.615974538877676281e-01
-3.316967487335205078e+00,1.949172745647657357e-01,9.162707388782295181e-01
-3.302065610885620117e+00,2.419574183639342235e-01,9.123841482127225122e-01
-3.234874248504638672e+00,2.740172586700314605e-01,8.461403883753898514e-01
-3.206142425537109375e+00,2.652609965369142619e-01,9.044183765465968472e-01
-3.208015918731689453e+00,1.729721840448659453e-01,8.915210965925340902e-01
-2.595761299133300781e+00,1.332183312156657862e-01,8.518223743912496371e-01
-2.643606662750244141e+00,1.345805941515476611e-01,8.736504374789753058e-01
-2.988939046859741211e+00,1.529603408253457919e-01,8.813292630488877011e-01
-3.324435472488403320e+00,2.081720929961664301e-01,9.463450267936746041e-01
-3.335654973983764648e+00,2.028049349870633400e-01,9.180614826642773396e-01
-3.367254734039306641e+00,2.195466137324366407e-01,8.893190302999253172e-01
-3.226433515548706055e+00,1.755370983024434894e-01,8.939470841390400047e-01
-3.275693655014038086e+00,1.798099307992058749e-01,8.169647177588912346e-01
-3.401554822921752930e+00,2.340063385053944844e-01,8.296394686732387891e-01
-3.351154565811157227e+00,2.378295126145406058e-01,8.758433377517433893e-01
-3.015098094940185547e+00,3.139536717195313131e-01,8.602131848956990900e-01
-3.153928041458129883e+00,2.926238482277704334e-01,8.346285199357130757e-01
-3.144814014434814453e+00,2.882860017340969638e-01,8.594380342961592811e-01
-3.316642522811889648e+00,2.589789697282132708e-01,8.421603232787422399e-01
-3.337729215621948242e+00,2.608319107260257952e-01,8.177500512472264393e-01
-3.158476829528808594e+00,2.942413912805274534e-01,8.245166785616262484e-01
-3.380471467971801758e+00,2.347615405961549495e-01,8.521808061749297503e-01
-3.117371797561645508e+00,2.849812482548298442e-01,8.959544014052172045e-01
-3.259357213973999023e+00,2.506144029545951391e-01,9.204035594445163504e-01
-3.335748195648193359e+00,2.379864496257358686e-01,8.911885259726591846e-01
-3.347175121307373047e+00,1.990985811841080311e-01,8.806271661356916969e-01
-3.380458354949951172e+00,2.363109372357502236e-01,8.486653424974271998e-01
-3.389828205108642578e+00,2.254182868878820967e-01,8.557940740557654635e-01
-2.994951009750366211e+00,1.533485614557117127e-01,8.625259675207670451e-01
-3.402210950851440430e+00,2.086442121873342548e-01,8.141001952193855917e-01
-3.359085321426391602e+00,1.979577764481599833e-01,8.485844218776449344e-01
-3.407258987426757812e+00,2.186507920709246933e-01,8.315826746598857788e-01
-3.388605833053588867e+00,2.028733277720478345e-01,8.128952462524068334e-01
-3.384578943252563477e+00,1.978387647082337775e-01,7.785041078665210224e-01
-2.947000265121459961e+00,1.505979343075552479e-01,8.084442967902850663e-01
-2.846353530883789062e+00,1.449955798512674310e-01,8.066222235064830492e-01
-3.349027872085571289e+00,1.937935503172834584e-01,8.363172353942247561e-01
-3.363796710968017578e+00,2.396523549620895865e-01,8.580350604113973212e-01
-3.355326175689697266e+00,2.376616253500337395e-01,8.719620563384574696e-01
-3.366926908493041992e+00,2.081894392421011486e-01,8.813229398690005656e-01
-3.271946430206298828e+00,1.815528174475274648e-01,8.764681094571465936e-01
-3.387326478958129883e+00,2.029215562489195823e-01,8.162854633988000375e-01
-3.437386989593505859e+00,2.185987157763766842e-01,7.762210844652922548e-01
-3.403316974639892578e+00,2.414244690957200457e-01,8.119701450747954796e-01
-3.416685104370117188e+00,2.076411939674536189e-01,7.737976685295739898e-01
-3.411990642547607422e+00,2.464859420467121198e-01,7.902710532875339977e-01
